id,date_utc,timestamp,subreddit,title,description,subscribers,search_term,description_lower,subreddit_lower,vr_match,medical_match
3vlpup,2021-02-01,1612201742,VR_for_Business,VR_for_Business,"In this subreddit you can talk about the use of virtual reality in the enterprise. 
For example, VR training, VR collaboration across different industries: manufacturing, healthcare, emergencies, maintenance, safety, logistics and more!",424,virtual reality therapy,"in this subreddit you can talk about the use of virtual reality in the enterprise. 
for example, vr training, vr collaboration across different industries: manufacturing, healthcare, emergencies, maintenance, safety, logistics and more!",vr_for_business,TRUE,TRUE
2x3i1h,2020-07-28,1595943301,VirtuallyHealthy,VirtuallyHealthy,A place to discuss the use of Virtual Reality for Physical and Mental Health,344,virtual reality therapy,a place to discuss the use of virtual reality for physical and mental health,virtuallyhealthy,TRUE,TRUE
2sodo,2011-07-26,1311714915,psychotherapy,Psychotherapy: A Place For Therapists,"A community for verified therapists to connect with and support each other.

If you are a therapist who wants access complete our verification form you can access the link from our public subreddit r/psychotherapyprivate/

If you have questions click on the request to join option  or send a message to the moderating team and we get back to you as soon as we can.",0,virtual reality therapy,"a community for verified therapists to connect with and support each other.

if you are a therapist who wants access complete our verification form you can access the link from our public subreddit r/psychotherapyprivate/

if you have questions click on the request to join option  or send a message to the moderating team and we get back to you as soon as we can.",psychotherapy,TRUE,TRUE
3elf8,2016-05-13,1463173643,learnVRdev,Learn Virtual Reality Development,We provide motivation and information. We are Reddit's premier VR reproductive health project. Devas are real and LIVE AMONG US!,10354,virtual reality therapy,we provide motivation and information. we are reddit's premier vr reproductive health project. devas are real and live among us!,learnvrdev,TRUE,TRUE
th30r,2018-12-26,1545857146,coldtherapy,Cold Therapy,"According to Cambridge dictionary:

**Cold** - *low temperature, especially when compared to the temperature of the human body*.

**Therapy** - *a treatment that helps someone feel better, grow stronger, etc.*

This is a sub for all activities related to exposure to cold: cold showers, cold baths, cryotherapy, polar dips, etc.

Share your experiences, ask questions, spread your ideas.",339,exposure therapy,"according to cambridge dictionary:

**cold** - *low temperature, especially when compared to the temperature of the human body*.

**therapy** - *a treatment that helps someone feel better, grow stronger, etc.*

this is a sub for all activities related to exposure to cold: cold showers, cold baths, cryotherapy, polar dips, etc.

share your experiences, ask questions, spread your ideas.",coldtherapy,TRUE,TRUE
39dpu,2015-08-02,1438477201,TalkTherapy,Patient perspectives on psychotherapy.,"Have a question about something that happened in therapy? Want to know how your experience compares to other peoples? Wondering what the heck your therapist is talking about? Thinking about going into therapy but want to know what it's like from a patient's perspective? Share your psychotherapy stories and questions here. 

Clients and therapists are both welcome to exchange perspectives and ideas.

Please be kind to each other.",127137,exposure therapy,"have a question about something that happened in therapy? want to know how your experience compares to other peoples? wondering what the heck your therapist is talking about? thinking about going into therapy but want to know what it's like from a patient's perspective? share your psychotherapy stories and questions here. 

clients and therapists are both welcome to exchange perspectives and ideas.

please be kind to each other.",talktherapy,TRUE,TRUE
f6lc6w,2025-08-15,1755278626,AskAnOCDTherapist,NOCD | OCD Help &amp; Discussion,">à Welcome to the AskAnOCDTherapist Subreddit! This space is for anyone navigating OCD or curious about treatment. Here, you can ask questions, connect with others, and gain insights from licensed therapists trained in OCD by expert clinicians at NOCD.",298,exposure therapy,">à welcome to the askanocdtherapist subreddit! this space is for anyone navigating ocd or curious about treatment. here, you can ask questions, connect with others, and gain insights from licensed therapists trained in ocd by expert clinicians at nocd.",askanocdtherapist,TRUE,TRUE
3bhkf,2015-12-24,1450962828,askatherapist,Ask A Therapist,A supportive community to ask questions and engage in discussion about mental health-related matters with therapists on Reddit. This sub does not replace seeing a therapist and the information provided is for resource and entertainment purposes only. ,65742,exposure therapy,a supportive community to ask questions and engage in discussion about mental health-related matters with therapists on reddit. this sub does not replace seeing a therapist and the information provided is for resource and entertainment purposes only. ,askatherapist,TRUE,TRUE
2v9s2,2012-10-12,1350020311,ROCD,Relationship OCD,"This sub aims to support those with ROCD (Relationship OCD). Individuals with this disorder exhibit obsessive-compulsive behavior surrounding romantic relationships. All are welcome, including those who know someone who is struggling. Make sure to read the rules before posting or commenting - the pinned post contains a ton of information about ROCD and resources for treatment. Feel free to reach out to mods with any questions or other issues.",33494,exposure therapy,"this sub aims to support those with rocd (relationship ocd). individuals with this disorder exhibit obsessive-compulsive behavior surrounding romantic relationships. all are welcome, including those who know someone who is struggling. make sure to read the rules before posting or commenting - the pinned post contains a ton of information about rocd and resources for treatment. feel free to reach out to mods with any questions or other issues.",rocd,TRUE,TRUE
2t0gc,2011-10-21,1319241233,askpsychology,Ask Psychology,"Science-based answers for questions about the mind, behavior and perception.

This is not a mental health/advice sub!

Non-Science-based answers may be removed without notice.  Posts that draw too many opinions or anecdotes without empirical answers may be locked at mod discretion.

Feel free to pick an applicable flair, or one will be chosen for you. ",274436,exposure therapy,"science-based answers for questions about the mind, behavior and perception.

this is not a mental health/advice sub!

non-science-based answers may be removed without notice.  posts that draw too many opinions or anecdotes without empirical answers may be locked at mod discretion.

feel free to pick an applicable flair, or one will be chosen for you. ",askpsychology,TRUE,TRUE
3byhkv,2020-10-30,1604061338,Askastrokesurvivor,Askastrokesurvivor,"Ask a stroke survivor is a well moderated community where all questions about stroke, stroke recovery, living post stroke are welcome! Join us!",119,stroke recovery,"ask a stroke survivor is a well moderated community where all questions about stroke, stroke recovery, living post stroke are welcome! join us!",askastrokesurvivor,TRUE,TRUE
39xvlo,2020-10-18,1603053165,CPTSDNextSteps,CPTSD Next Steps,"A sister subreddit of /r/CPTSD. This community is meant for those in the intermediate and late stages of recovery, offering a place for sharing insights and techniques for recovery, as well as space for more nuanced and open conversations. If the content on this subreddit resonates with and helps you, you are welcome here.

Check out our twin community for questions/advice/emotional support/victories/etc,  
 /r/CPTSD_NSCommunity.",41680,ptsd therapy,"a sister subreddit of /r/cptsd. this community is meant for those in the intermediate and late stages of recovery, offering a place for sharing insights and techniques for recovery, as well as space for more nuanced and open conversations. if the content on this subreddit resonates with and helps you, you are welcome here.

check out our twin community for questions/advice/emotional support/victories/etc,  
 /r/cptsd_nscommunity.",cptsdnextsteps,TRUE,TRUE
4um2bh,2021-08-03,1628011896,CPTSDgonequeer,CPTSDgonequeer,"This community is a place for queer, gay, bi, trans, pan, lesbian and questioning humans to share, give advice, and receive support for issues relating to C/PTSD. We welcome discussions that explore your own history, sexual identity, family issues, (trauma) therapy suggestions, recommended books and more. We're building this community because it's nice to know we have each other. This is a long healing journey that can be met with love and support from this group.",197,ptsd therapy,"this community is a place for queer, gay, bi, trans, pan, lesbian and questioning humans to share, give advice, and receive support for issues relating to c/ptsd. we welcome discussions that explore your own history, sexual identity, family issues, (trauma) therapy suggestions, recommended books and more. we're building this community because it's nice to know we have each other. this is a long healing journey that can be met with love and support from this group.",cptsdgonequeer,TRUE,TRUE
33o00,2014-09-21,1411341206,gaslighting,Gaslighting,"Gaslighting is a form of manipulation that seeks to sow seeds of doubt in a targeted individual, hoping to make targets question their own memory, perception, and sanity. 

---

This group is not a substitute for therapy. Nobody here has the authority to answer ""Is this gaslighting?""

--

Serious posts, comments, and replies only - unless otherwise requested by the OP.  Report  the trolls.
--

Please read the sidebar on old reddit for rules and many more links to informative resources.",0,ptsd therapy,"gaslighting is a form of manipulation that seeks to sow seeds of doubt in a targeted individual, hoping to make targets question their own memory, perception, and sanity. 

---

this group is not a substitute for therapy. nobody here has the authority to answer ""is this gaslighting?""

--

serious posts, comments, and replies only - unless otherwise requested by the op.  report  the trolls.
--

please read the sidebar on old reddit for rules and many more links to informative resources.",gaslighting,TRUE,TRUE
2s35s,2010-08-30,1283211504,Interstitialcystitis,"Interstitial Cystitis - News, Information, Advice, Support","A place for sufferers of the chronic bladder disease interstitial cystitis (IC; also known as painful bladder syndrome or PBS)  to share advice, give support, ask questions, and give answers.",34306,ptsd therapy,"a place for sufferers of the chronic bladder disease interstitial cystitis (ic; also known as painful bladder syndrome or pbs)  to share advice, give support, ask questions, and give answers.",interstitialcystitis,TRUE,TRUE
2raq1,2009-10-24,1256363595,Psychiatry,Psychiatry: medicine for the mind,We're a community created for psychiatrists and others in the mental health field to come together and discuss our field. We are not a subreddit to ask psychiatrists questions either about individual situations about psychiatry generally. Those questions should be directed to r/AskPsychiatry.,162665,ptsd therapy,we're a community created for psychiatrists and others in the mental health field to come together and discuss our field. we are not a subreddit to ask psychiatrists questions either about individual situations about psychiatry generally. those questions should be directed to r/askpsychiatry.,psychiatry,TRUE,TRUE
2x8ez,2013-05-13,1368436874,survivinginfidelity,Surviving Infidelity,"Welcome to Surviving Infidelity. 

If you're here, it's because you are surviving, or have survived, infidelity in a relationship that you thought was life-long. This is a support sub, a safe place to ask for advice and guidance. Regardless of your decision to stay in your relationship or to go, we are here to support you on your path to recovery.

We ask that you please read our sub rules before posting.",300468,ptsd therapy,"welcome to surviving infidelity. 

if you're here, it's because you are surviving, or have survived, infidelity in a relationship that you thought was life-long. this is a support sub, a safe place to ask for advice and guidance. regardless of your decision to stay in your relationship or to go, we are here to support you on your path to recovery.

we ask that you please read our sub rules before posting.",survivinginfidelity,TRUE,TRUE
f8jack,2025-08-22,1755829547,TherapyBesties,TherapyBesties,"We are a community for anyone affected by mental illness: Anxiety, Depression, EDS, Psychosis, Personality disorders, Trauma disorders, and more! 

The main purpose of our community is to share helpful resources, teach people about therapy options, and help each other find better coping skills.

https://discord.gg/VrkN4566pJ",17,anxiety therapy,"we are a community for anyone affected by mental illness: anxiety, depression, eds, psychosis, personality disorders, trauma disorders, and more! 

the main purpose of our community is to share helpful resources, teach people about therapy options, and help each other find better coping skills.

https://discord.gg/vrkn4566pj",therapybesties,TRUE,TRUE
fkma61,2025-10-03,1759457545,EFTandTapping,EFTandTapping,"Welcome to r/EFTandTapping!
This is a supportive community for anyone interested in Emotional Freedom Techniques (EFT) and tapping therapy. Whether youre new to tapping or have years of practice, this is a space to:

Share your experiences with EFT

Ask questions and get support

Discover tapping routines for stress, anxiety, pain, cravings, sleep, and more

Our goal is to make EFT tapping accessible, practical, and supportive for everyone.",19,anxiety therapy,"welcome to r/eftandtapping!
this is a supportive community for anyone interested in emotional freedom techniques (eft) and tapping therapy. whether youre new to tapping or have years of practice, this is a space to:

share your experiences with eft

ask questions and get support

discover tapping routines for stress, anxiety, pain, cravings, sleep, and more

our goal is to make eft tapping accessible, practical, and supportive for everyone.",eftandtapping,TRUE,TRUE
2vjtw,2012-11-14,1352856985,anhedonia,Anhedonia,"Anhedonia is the lack of interest, enjoyment or pleasure. It can be caused by drugs, trauma, depression, etc. In the process of dealing with anhedonia, individuals often have several questions as they navigate their emotional numbness and seek understanding and support. Welcome to r/anhedonia. Please be sure to read the rules.",22222,depression treatment,"anhedonia is the lack of interest, enjoyment or pleasure. it can be caused by drugs, trauma, depression, etc. in the process of dealing with anhedonia, individuals often have several questions as they navigate their emotional numbness and seek understanding and support. welcome to r/anhedonia. please be sure to read the rules.",anhedonia,TRUE,TRUE
u438e,2019-01-05,1546716767,EffexorSuccess,EffexorSuccess,"r/EffexorSuccess - for redditors to share success stories about their treatment and for those considering Effexor to ask meaningful questions about the treatment of depression/anxiety/etc. It is intended for those who wish to be part of a constructive community dedicated to the improvement of their mental health. 
Please *do not* come here to share horror stories (there are other subs for that). Please *DO* come to ask questions of those who've had successful treatment with this medication.",6219,depression treatment,"r/effexorsuccess - for redditors to share success stories about their treatment and for those considering effexor to ask meaningful questions about the treatment of depression/anxiety/etc. it is intended for those who wish to be part of a constructive community dedicated to the improvement of their mental health. 
please *do not* come here to share horror stories (there are other subs for that). please *do* come to ask questions of those who've had successful treatment with this medication.",effexorsuccess,TRUE,TRUE
2qhff,2008-03-13,1205443084,medicine,/r/medicine: a subreddit for medical professionals,"r/medicine is a virtual lounge for physicians and other medical professionals from around the world to talk about the latest advances, controversies, ask questions of each other, have a laugh, or share a difficult moment. This is a highly moderated subreddit. Please read the rules carefully before posting or commenting. User flair is now required to post here.",531576,depression treatment,"r/medicine is a virtual lounge for physicians and other medical professionals from around the world to talk about the latest advances, controversies, ask questions of each other, have a laugh, or share a difficult moment. this is a highly moderated subreddit. please read the rules carefully before posting or commenting. user flair is now required to post here.",medicine,TRUE,TRUE
5aymv3,2021-11-08,1636377001,CIRS,CIRS: Chronic Inflammatory Response Syndrome,"CIRS (Chronic Inflammatory Response Syndrome) is a multi-system, multi-symptom illness characterized by exposure to biotoxins. Patients with CIRS are often misdiagnosed as having depression, anxiety, PTSD, Alzheimers, fibromyalgia, or CFS/ME, among other conditions. Effective diagnosis and treatment for CIRS exists via the Shoemaker Protocol. The purpose of this community is to share new information, personal experiences, and help answer CIRS-related questions.",3076,depression treatment,"cirs (chronic inflammatory response syndrome) is a multi-system, multi-symptom illness characterized by exposure to biotoxins. patients with cirs are often misdiagnosed as having depression, anxiety, ptsd, alzheimers, fibromyalgia, or cfs/me, among other conditions. effective diagnosis and treatment for cirs exists via the shoemaker protocol. the purpose of this community is to share new information, personal experiences, and help answer cirs-related questions.",cirs,TRUE,TRUE
3odko,2017-09-11,1505152680,BarefootCobblers,The Shoemaker Always Goes Barefoot,"Welcome to BarefootCobblers, the answer to the question: Who Jests for the Jesters?

""Man goes to doctor. Says he's depressed. Says life seems harsh and cruel ... Doctor says, ""Treatment is simple. Great clown Pagliacci is in town tonight. Go and see him. That should pick you up."" Man bursts into tears. Says, ""But doctor...I am Pagliacci.

For the sad clown archetypes. For the depressed funnymen. For all.

",261,depression treatment,"welcome to barefootcobblers, the answer to the question: who jests for the jesters?

""man goes to doctor. says he's depressed. says life seems harsh and cruel ... doctor says, ""treatment is simple. great clown pagliacci is in town tonight. go and see him. that should pick you up."" man bursts into tears. says, ""but doctor...i am pagliacci.

for the sad clown archetypes. for the depressed funnymen. for all.

",barefootcobblers,TRUE,TRUE
31bh7,2014-04-11,1397248613,PainManagement,"Pain Management: tips, tricks and anything else","In pain and need advice? Have a pain-free success story? Just want to talk about pain management in general? Please use this sub to ask a question, answer one or do both! Any helpful tips are appreciated as well!",10691,pain management,"in pain and need advice? have a pain-free success story? just want to talk about pain management in general? please use this sub to ask a question, answer one or do both! any helpful tips are appreciated as well!",painmanagement,TRUE,TRUE
2rdud,2009-12-06,1260072996,backpain,Back Pain,"Creating a space for people to ask questions about their back pain (whether acute or chronic), giving meaning, and providing hope for those suffering. This is a place that does not tolerate misinformation, outdated notions/ideas, BUT promotes anti-fragility and hope. The human body does heal. The human body can overcome pain. The goal for you is to vent, receive advice on navigating your pain, and leave feeling hopeful instead of weak, lost, fragile or broken.  ",63825,pain management,"creating a space for people to ask questions about their back pain (whether acute or chronic), giving meaning, and providing hope for those suffering. this is a place that does not tolerate misinformation, outdated notions/ideas, but promotes anti-fragility and hope. the human body does heal. the human body can overcome pain. the goal for you is to vent, receive advice on navigating your pain, and leave feeling hopeful instead of weak, lost, fragile or broken.  ",backpain,TRUE,TRUE
2spw0,2011-08-07,1312681692,ehlersdanlos,Ehlers-Danlos Syndrome,"This is a support sub for those with Ehlers-Danlos syndrome (all types) and HSDdiagnosed or waiting to be diagnosed. This is a welcoming place for those affected (or those simply wanting to learn more) to ask questions, share successes and failures, feel less alone, and discuss everyday life. Before 
participating, please read our rules. This subreddit does not allow medical advice. Thank you!
",98243,pain management,"this is a support sub for those with ehlers-danlos syndrome (all types) and hsddiagnosed or waiting to be diagnosed. this is a welcoming place for those affected (or those simply wanting to learn more) to ask questions, share successes and failures, feel less alone, and discuss everyday life. before 
participating, please read our rules. this subreddit does not allow medical advice. thank you!
",ehlersdanlos,TRUE,TRUE
2s8ot,2010-12-23,1293134885,Endo,"Endo: treatments, stories, support and research into Endometriosis","This community aims to support all people affected by and interested in endometriosis. We pride ourselves on being a friendly, inclusive place, where patients and loved ones alike can discuss thoughts and concerns, ask questions, and share information.


Please try to engage with others in an empathetic and supportive manner and remember that Endometriosis is an extremely varied disease and each patient has different circumstances, experiences and treatment options.",88626,pain management,"this community aims to support all people affected by and interested in endometriosis. we pride ourselves on being a friendly, inclusive place, where patients and loved ones alike can discuss thoughts and concerns, ask questions, and share information.


please try to engage with others in an empathetic and supportive manner and remember that endometriosis is an extremely varied disease and each patient has different circumstances, experiences and treatment options.",endo,TRUE,TRUE
38isb,2015-06-06,1433597371,SpineSurgery,All Things Spine Surgery,"Welcome to our pain and spine surgery support subreddit! Our inclusive community is here to discuss, share experiences, and provide guidance. We welcome all questions, offering personal insights instead of professional medical advice. Connect with others in a compassionate space to seek answers and foster understanding.",5676,pain management,"welcome to our pain and spine surgery support subreddit! our inclusive community is here to discuss, share experiences, and provide guidance. we welcome all questions, offering personal insights instead of professional medical advice. connect with others in a compassionate space to seek answers and foster understanding.",spinesurgery,TRUE,TRUE
ae9ykk,2023-12-21,1703155757,ChronicallyillUnite,ChronicallyillUnite,chronically ill chronic pain patients UNITE to stop these drastic unjust cuts to pain management medications we require to exist and to survive. Please join us to help us get the DEA to hear us and stop discriminating against us chronically ill chronic pain patients,703,pain management,chronically ill chronic pain patients unite to stop these drastic unjust cuts to pain management medications we require to exist and to survive. please join us to help us get the dea to hear us and stop discriminating against us chronically ill chronic pain patients,chronicallyillunite,TRUE,TRUE
898xyc,2023-04-20,1681950220,uncensoredmedical,uncensoredmedical,"Everything Medical Uncensored. No Ego Woke Moderators here! All discussions welcome. Controversial Procedures, Drugs, Supplements. Rants &amp; Praises about doctors . Symptom questions and discussion.  Pain, Depression, Hard Flaccid and Pelvic Pain. Chronic Pain and Pain Management. Nerve pain. Opioid discussion and other Drugs.. Harm reduction. Anything Human Body!
All discussions are personal opinions and NOT to be taken as Medical Advice at any time!",45,pain management,"everything medical uncensored. no ego woke moderators here! all discussions welcome. controversial procedures, drugs, supplements. rants &amp; praises about doctors . symptom questions and discussion.  pain, depression, hard flaccid and pelvic pain. chronic pain and pain management. nerve pain. opioid discussion and other drugs.. harm reduction. anything human body!
all discussions are personal opinions and not to be taken as medical advice at any time!",uncensoredmedical,TRUE,TRUE
2vh1a,2012-11-04,1352068596,ChronicIllness,Chronic Illness,"
A place of support for those living with, or affected by, chronic illness. Open and welcoming to all. 

This subreddit is for social and community support, not medical advice.

If you need help please contact mod mail with a link to the content you need help with or have questions about. ",91263,pain management,"
a place of support for those living with, or affected by, chronic illness. open and welcoming to all. 

this subreddit is for social and community support, not medical advice.

if you need help please contact mod mail with a link to the content you need help with or have questions about. ",chronicillness,TRUE,TRUE
2tb9x,2012-01-04,1325719315,UlcerativeColitis,The sexiest of the Colitises,"This subreddit is a place for people with ulcerative colitis (UC) and their loved ones to discuss and learn about UC and related topics. We welcome all members, regardless of their experience with UC.


- Share your experiences with UC


- Ask questions about UC


- Find support from others who understand what you're going through


- Learn about the latest research on UC


- Stay up-to-date on UC treatments


We hope you'll join us and help us build a community of support for people with UC.",51466,pain management,"this subreddit is a place for people with ulcerative colitis (uc) and their loved ones to discuss and learn about uc and related topics. we welcome all members, regardless of their experience with uc.


- share your experiences with uc


- ask questions about uc


- find support from others who understand what you're going through


- learn about the latest research on uc


- stay up-to-date on uc treatments


we hope you'll join us and help us build a community of support for people with uc.",ulcerativecolitis,TRUE,TRUE
2veur,2012-10-28,1351433672,VocRehab,Vocational Rehabilitation and Employment Program,Welcome to our sub - This is one of the places to ask questions about the Federal and State Voc Rehab programs on Reddit - the other is /r/veterans for VA CH 31 VR&amp;E questions only.,2728,rehabilitation,welcome to our sub - this is one of the places to ask questions about the federal and state voc rehab programs on reddit - the other is /r/veterans for va ch 31 vr&amp;e questions only.,vocrehab,TRUE,TRUE
4fphqd,2021-05-17,1621283413,VRandE,VRandE,For Veterans interested in Vocational Rehabilitation,82,rehabilitation,for veterans interested in vocational rehabilitation,vrande,TRUE,TRUE
2tj75,2012-02-10,1328855621,physicaltherapy,Topics in Physical Therapy,"If you are not a licensed PT, PTA, student counterpart or other healthcare professional please do not post here. This is a sub for practicing physical therapists to discuss cases, research, old and new tricks, or other therapy-relevant topics.  

Requests for advice or education regarding your personal health issues will be removed and you may be banned.  These questions should be discussed directly with your physical therapist.",88502,rehabilitation,"if you are not a licensed pt, pta, student counterpart or other healthcare professional please do not post here. this is a sub for practicing physical therapists to discuss cases, research, old and new tricks, or other therapy-relevant topics.  

requests for advice or education regarding your personal health issues will be removed and you may be banned.  these questions should be discussed directly with your physical therapist.",physicaltherapy,TRUE,TRUE
lp0xn,2018-07-12,1531435333,ViRehab,Virtual Rehab,"Virtual Rehab's evidence-based solution leverages VR, AI, and Blockchain technologies for Psychological Rehabilitation of Vulnerable Populations",93,rehabilitation,"virtual rehab's evidence-based solution leverages vr, ai, and blockchain technologies for psychological rehabilitation of vulnerable populations",virehab,TRUE,TRUE
eb90ei,2025-04-28,1745846413,MoveMendApp_PT,MoveMendApp_PT,"A supportive community for MoveMend app users sharing rehabilitation journeys and success stories. Connect directly with the developers, provide feedback on features, request new exercises, and get personalized guidance. Join us to shape the future of MoveMend together while supporting each other's recovery journeys through professional physical therapy at home.",15,rehabilitation,"a supportive community for movemend app users sharing rehabilitation journeys and success stories. connect directly with the developers, provide feedback on features, request new exercises, and get personalized guidance. join us to shape the future of movemend together while supporting each other's recovery journeys through professional physical therapy at home.",movemendapp_pt,TRUE,TRUE
28g476,2019-11-15,1573786806,wildlife_rehabbers,wildlife_rehabbers,"This community is a place for wildlife rehabilitators to share information, ask questions, and help each other out for the benefit of all of the precious animals in our care. Whether it be success stories, research, enrichment ideas, methods of animal care that have proven successful... even methods that haven't, post about anything you'd like to discuss regarding wildlife rehabilitation, and let's work together to help all the animals!",0,rehabilitation,"this community is a place for wildlife rehabilitators to share information, ask questions, and help each other out for the benefit of all of the precious animals in our care. whether it be success stories, research, enrichment ideas, methods of animal care that have proven successful... even methods that haven't, post about anything you'd like to discuss regarding wildlife rehabilitation, and let's work together to help all the animals!",wildlife_rehabbers,TRUE,TRUE
10h6dt,2019-04-27,1556363771,PosturalRestoration,Postural Restoration (PRI) Physical Therapy,A subreddit to ask questions about and share your experiences with PRI Therapy.,483,physical therapy,a subreddit to ask questions about and share your experiences with pri therapy.,posturalrestoration,TRUE,TRUE
bebnd3,2024-04-27,1714249443,PT_patients,PT_patients,"Community for physical therapy questions, because there is no ask PT type forum. Remember that we are not doctors, and that you should discuss any changes you want to make to your physical therapy program with your physical therapist! We welcome physical therapists! To get a user flare as a physical therapist or PT aid, please send proof via modmail.",44,physical therapy,"community for physical therapy questions, because there is no ask pt type forum. remember that we are not doctors, and that you should discuss any changes you want to make to your physical therapy program with your physical therapist! we welcome physical therapists! to get a user flare as a physical therapist or pt aid, please send proof via modmail.",pt_patients,TRUE,TRUE
2qmyc,2008-09-27,1222502010,massage,Massage,"/r/massage is a community for respectful discussions of massage and massage therapists/practitioners.

We'd like for this to be a great place for patients and clients to ask questions and for therapists to learn new information for better, safer, more effective treatment.",75707,physical therapy,"/r/massage is a community for respectful discussions of massage and massage therapists/practitioners.

we'd like for this to be a great place for patients and clients to ask questions and for therapists to learn new information for better, safer, more effective treatment.",massage,TRUE,TRUE
37sdg,2015-04-11,1428736044,PainScience,It's in Your Brain,"Most people will experience pain. This is a place for people of all backgrounds to come together to learn and discuss the science of pain. Share research, ask questions, discuss interventions. Our goal is to understand contemporary pain science.",2054,physical therapy,"most people will experience pain. this is a place for people of all backgrounds to come together to learn and discuss the science of pain. share research, ask questions, discuss interventions. our goal is to understand contemporary pain science.",painscience,TRUE,TRUE
6iu11d,2022-06-13,1655094038,AuDHDWomen,AuDHDWomen,"A safe space for those who identify as both Autistic and having ADHD - self-diagnosed, clinically assessed or questioning. Everyone is welcome, including non-binary, trans, or any other folks who feel they belong in femme-focused spaces. Please respect our Community Guidelines and refer to the Rules for more info: 1. We recognize Autism and ADHD as disabilities. 2. We can offer advice and support but not a diagnosis. 3. AuDHD is challenging for all of us; please try to communicate with kindness.",58351,occupational therapy,"a safe space for those who identify as both autistic and having adhd - self-diagnosed, clinically assessed or questioning. everyone is welcome, including non-binary, trans, or any other folks who feel they belong in femme-focused spaces. please respect our community guidelines and refer to the rules for more info: 1. we recognize autism and adhd as disabilities. 2. we can offer advice and support but not a diagnosis. 3. audhd is challenging for all of us; please try to communicate with kindness.",audhdwomen,TRUE,TRUE
c8a6hd,2024-08-16,1723852095,EDS_Comorbidities,EDS_Comorbidities,"This community is dedicated to individuals living with Ehlers-Danlos Syndrome (EDS) and the various comorbid conditions often associated with it. Whether you're dealing with issues like POTS, MCAS, MALS, chronic pain, sexual pain disorders, adenomyosis, endometriosis, gastrointestinal disorders, or other complications, this is a safe and supportive space to share experiences, ask questions, and connect with others who understand.",162,chronic pain,"this community is dedicated to individuals living with ehlers-danlos syndrome (eds) and the various comorbid conditions often associated with it. whether you're dealing with issues like pots, mcas, mals, chronic pain, sexual pain disorders, adenomyosis, endometriosis, gastrointestinal disorders, or other complications, this is a safe and supportive space to share experiences, ask questions, and connect with others who understand.",eds_comorbidities,TRUE,TRUE
f8po5o,2025-08-22,1755884639,PelvicHealthAllies,PelvicHealthAllies,"A safe space to share stories, ideas, ask questions, and receive advice and support, about pelvic health.

We welcome discussions about menopause, painful intercourse, bladder prolapse, UTIs, bacterial vaginosis, vaginal atrophy, Sjogren's syndrome, hysterectomy, vaginismus, chronic pelvic pain, cytolytic vaginosis, aerobic vaginitis, vulvodynia, low libido, lichen sclerosus, ureaplasma, anorgasmia, breastfeeding, L. Iners, incontinence, posterior fourchette tearing, etc.

Moderated by NeuEve",195,chronic pain,"a safe space to share stories, ideas, ask questions, and receive advice and support, about pelvic health.

we welcome discussions about menopause, painful intercourse, bladder prolapse, utis, bacterial vaginosis, vaginal atrophy, sjogren's syndrome, hysterectomy, vaginismus, chronic pelvic pain, cytolytic vaginosis, aerobic vaginitis, vulvodynia, low libido, lichen sclerosus, ureaplasma, anorgasmia, breastfeeding, l. iners, incontinence, posterior fourchette tearing, etc.

moderated by neueve",pelvichealthallies,TRUE,TRUE
elrpo8,2025-06-03,1748961044,delivraHealth,delivraHealth,"A community dedicated to Delivra Health Brands Inc. (TSXV: DHB / OTC: DHBUF)  the company behind innovative wellness solutions like Dream Water® and LivRelief"".

Delivra Health is on a mission to help people take control of their health with trusted alternatives for chronic pain, anxiety, and sleeplessness. Their products have helped millions reclaim mobility, energy, and overall quality of life.

Learn more: delivrahealthbrands.com",22,chronic pain,"a community dedicated to delivra health brands inc. (tsxv: dhb / otc: dhbuf)  the company behind innovative wellness solutions like dream water® and livrelief"".

delivra health is on a mission to help people take control of their health with trusted alternatives for chronic pain, anxiety, and sleeplessness. their products have helped millions reclaim mobility, energy, and overall quality of life.

learn more: delivrahealthbrands.com",delivrahealth,TRUE,TRUE
6a5qg2,2022-04-27,1651023593,atheistspoonies,atheistspoonies,"This is a sub for atheist spoonies and chronic pain warriors to ponder the existential questions of the universe while complaining about our garbage, broken bodies.",26,chronic pain,"this is a sub for atheist spoonies and chronic pain warriors to ponder the existential questions of the universe while complaining about our garbage, broken bodies.",atheistspoonies,TRUE,TRUE
9au8aq,2023-09-11,1694473744,NewMentality,NewMentality,"New Mentality is a charitable institution that aims to help sufferers of chronic health conditions cope with their pain and anguish. Unlike other charities, new mentality is not directed at cancer, mental health, or other specific conditions but rather is open to all sufferers of chronic disease. This Reddit group was created as a discussion forum in which people may ask questions or offer advice.",39,chronic pain,"new mentality is a charitable institution that aims to help sufferers of chronic health conditions cope with their pain and anguish. unlike other charities, new mentality is not directed at cancer, mental health, or other specific conditions but rather is open to all sufferers of chronic disease. this reddit group was created as a discussion forum in which people may ask questions or offer advice.",newmentality,TRUE,TRUE
au2yoj,2024-02-19,1708372639,ColonicInertia,ColonicInertia,"Welcome to the Colonic Inertia community! Here, we offer support and information for those living with or interested in learning about colonic inertia. It's a condition marked by chronic constipation and impaired bowel motility, leading to discomfort, bloating, pain, and other gastrointestinal symptoms. Join us to share experiences and ask questions in this safe space!




",238,chronic pain,"welcome to the colonic inertia community! here, we offer support and information for those living with or interested in learning about colonic inertia. it's a condition marked by chronic constipation and impaired bowel motility, leading to discomfort, bloating, pain, and other gastrointestinal symptoms. join us to share experiences and ask questions in this safe space!




",colonicinertia,TRUE,TRUE
3amd6h,2020-10-22,1603387194,ChronicPain234,ChronicPain234,"It is a normal subreddit. I got banned from r/chronicpain and the chronic pain discord so I am making this server. F the mods there idk why I got banned. But this is going to be a discord where you can talk about chronic pain, struggles of life, ask for advice, mention NSFW questions and get tips on how you can help yourself",100,chronic pain,"it is a normal subreddit. i got banned from r/chronicpain and the chronic pain discord so i am making this server. f the mods there idk why i got banned. but this is going to be a discord where you can talk about chronic pain, struggles of life, ask for advice, mention nsfw questions and get tips on how you can help yourself",chronicpain234,TRUE,TRUE
43or0d,2021-03-14,1615698343,MedicalCannabisOz,Medical Cannabis Oz,"Gday and welcome to Medical Cannabis Oz!

Here we explore the Australian legal medicinal cannabis market and share patient experiences and resources. Expect discussions, reviews, questions, personal experiences, photos, updates, complaints, policy discussion and community news. 

This subreddit is a patient-run resource and does not provide medical advice. Advertising is not permitted.",51826,chronic pain,"gday and welcome to medical cannabis oz!

here we explore the australian legal medicinal cannabis market and share patient experiences and resources. expect discussions, reviews, questions, personal experiences, photos, updates, complaints, policy discussion and community news. 

this subreddit is a patient-run resource and does not provide medical advice. advertising is not permitted.",medicalcannabisoz,TRUE,TRUE
2vz8kb,2020-07-20,1595275470,RCCXtheory,"RCCX theory - Discussion, research, self-help","RCCX theory. Discussion, research, self-help related to this cluster of chronic illness (EDS-HT, CFS, FM, LYME, MCAS, POTS, PAIN, PSYCHIATRIC SPECTRUM, IMMUNOLOGICAL, ENDOCRINE ISSUES...)

Disclaimer: The information and advice given, and linked to, on this subreddit are not a a substitute for medical advice/diagnosis. Please always consult a qualified healthcare professional before following any advice given on this subreddit and for any other medical questions or concerns.
I am not a doctor.",664,chronic pain,"rccx theory. discussion, research, self-help related to this cluster of chronic illness (eds-ht, cfs, fm, lyme, mcas, pots, pain, psychiatric spectrum, immunological, endocrine issues...)

disclaimer: the information and advice given, and linked to, on this subreddit are not a a substitute for medical advice/diagnosis. please always consult a qualified healthcare professional before following any advice given on this subreddit and for any other medical questions or concerns.
i am not a doctor.",rccxtheory,TRUE,TRUE
