id,date_utc,timestamp,subreddit,title,description,subscribers
2j3zyk,2020-03-29,1585521299,Vaccineeducation,Vaccineeducation,This is a page dedicated to educating folks about vaccines.,17
3b6af,2015-12-06,1449369507,moderatelygranolamoms,Moderately Granola Moms,A Place for Almost Hippies,57363
4ndtv3,2021-06-23,1624409348,COVIDvaxxedpositive,COVIDvaxxedpositive,"This community is for those who have been vaxxed, and had a breakthrough case. This community is not for debate of vaccines.",524
4z74od,2021-08-31,1630429068,AskVaxDecliners,A Friendly Place to Learn About &amp; Question the Perspectives of Those Declining the COVID-19 Vaccines,"A Friendly Place to Learn About, Question, and Challenge the Perspectives of Those Declining the COVID-19 Vaccines. Questions can be about anything COVID-related, not just about the vaccines.",0
4z679n,2021-08-31,1630416398,PerfectlyCutScreams2,"Perfectly cut scream videos and clips, 2.0 style","Perfectly cut scream videos and clips, 2.0 style. Vaccines still work though, but being a buthurt mod about it doesn't make this world a better place. Enjoy!",19
2hkeib,2020-03-12,1584040144,femacamps,femacamps,Conscious community has known about the Rex 84 martial law forced vaccines depopulation agenda for over 30 years. William Cooper warned us of 9/11 3 full months before it happened. Share your truth all are welcomed =O<ü ,1455
4n53yc,2021-06-21,1624297623,CovidCritical,CovidCritical,"A place to discuss criticism about covid restrictions of any kind, or skepticism of the vaccines. Memes and general political discussion welcome and encouraged.",51
miln0,2018-07-30,1532926043,insanealexjones,Alex Jones Being Insane,THEYRE TURNING THE FROGS GAY! MUELLER TRIED TO COVER UP 9/11! CIVIL WAR 2 IS COMING! ,35
40doc8,2021-02-23,1614108241,AstraZenecaVaccine,AstraZenecaVaccine,"AstraZeneca vaccines have rolled out. Here you can share your opinion whether you will be taking the shot, your experience after that, as well as news regarding the vaccine rollout.",49
44iv52,2021-03-18,1616102679,MichiganVaccineFinder,MichiganVaccineFinder,This is a community for people in Michigan who want to get the COVID vaccine as soon as possible. We can share where to get a quick appointment and where there are extra vaccines available.,159
4z712v,2021-08-31,1630427776,HorseDewormer,HorseDewormer,This isnt about vaccines and covid or smt. This is actually for gay equine porn,0
5bf3mw,2021-11-11,1636589824,vaccinememorialwall,vaccinememorialwall,"To broadcast, pay last respects, and memorialize everybody who is injured or dies from the COVID-19 vaccines. Their suffering and deaths should NOT be mocked, celebrated or laughed at. The world needs to know THIS IS SAD and that forcing the vaccines on people is WRONG.",1730
2w5ph,2013-01-26,1359160686,MarkWahlberg,Praise the Wahlberg,Place to discuss all things related to Mark Wahlberg,335
525rok,2021-09-19,1632010136,mRNAmedicine,mRNAmedicine,"Discussing and sharing all treatments, medicines, and vaccines that mRNA tech opens up for us",43
52mu9k,2021-09-22,1632272169,RankTheNews,Rank The News,Rank The News,12
44mr2n,2021-03-19,1616162821,CovidVaxCasualties,CovidVaxCasualties,"A censorship-free forum for those with Covid vaccine regret.  If you or someone you know has received one of the EUA vaccines and have experienced negative short or long-term side effects, please share your experience.  There's strength in numbers and its definitely not ""all in your head"" or a ""coincidence.""",243
s1lvu,2018-11-29,1543507542,TPWKY,This Podcast Will Kill You,"For fans of ""This Podcast Will Kill You"", a humorous podcast about the history, biology, and fear factor of 
various diseases. Join us, and wash your hands, you filthy animals!",6020
2te6p,2012-01-19,1326943294,WaltDisneyWorld,Walt Disney World - The Most Magical Subreddit on Earth!,"Welcome to the Most Magical Subreddit on Earth! Come share your love of all things Walt Disney World with more than 675,000 other mouse lovers!

And be sure to [keep the conversation going live on our Discord!](https://discord.gg/reddit-waltdisneyworld)",690852
6kwhu3,2022-06-23,1656026344,AuthoritarianMasks,AuthoritarianMasks,"Welcome to AuthoritarianMasks where Covid is Real, Vaccines Save Lives, &amp; Highly Protective Masks Rule. Your rights end at my nose, literally.",1233
4vlbs0,2021-08-09,1628518307,realIowa,Real Iowa ,Real Iowa,95
2wxo6,2013-04-14,1365958135,Drugs_and_Devices,"Pharmaceuticals, Medical Devices, Biologics and Everything Inbetween","A subreddit for discussing pharmaceutical products, medical devices, biologics, vaccines and other regulated healthcare products, the agencies that regulate them and the actions of the companies that create them.",3217
2h6ibi,2020-03-07,1583611986,CoronavirusAsthma,CoronavirusAsthma,"The latest information and advice about Coronavirus (COVID-19) for those suffering from asthma, believed to be a high-risk comorbidity.",2270
43spjq,2021-03-14,1615755313,PDSB_Biotech,PDSB_Biotech,"Havent seen a community made for this stock yet. PDSB seems like a great investment after doing research. Feel free to post DD here and any useful information. This will be a community for PDSB shareholders to discuss and share.


Debt free funded through mid 2022.
70 million market cap.
22 million shares
11 million floating 
almost 50% held by insiders &amp; institutions.",161
6qs6yq,2022-07-21,1658436542,ottawa2,ottawa,"This community for the city of Ottawa, all opinions are welcomed as far as these opinions doesnt break Reddit guidelines",17
106vnc,2019-04-22,1555920952,Vaccinememes,VaccineMemes,"Any memes or funny stuff regarding vaccines. Content can be both pro- and anti-vax. Discussion and arguments are allowed, but be civil.",285
2syeb,2011-10-07,1318005961,cerner,2011 - 2021,"No man is an island,  \
Entire of itself.  \
Each is a piece of the continent,  \
A part of the main.  \
If a clod be washed away by the sea,  \
Europe is the less.  \
As well as if a promontory were.  \
As well as if a manor of thine own  \
Or of thine friend's were.  \
Each man's death diminishes me,  \
For I am involved in mankind.  \
Therefore, send not to know  \
For whom the bell tolls,  \
It tolls for thee.",0
x22nx,2019-02-23,1550896262,MeaslesParty,Measles Party ,Measles Party #MeaslesParty,53
2wm9w,2013-03-14,1363226897,antivaccine,AntiVaccine ,"Welcome to /r/AntiVaccine! Slamming Big Pharma since 2013!
    
This is a subreddit about discussing the adverse effects of Vaccines, using Space-Jam!
    
Approved Content:
Space Jam Mashups From Youtube and Spacejam content.    
    
Unapproved content:
Everything else.
    
For list of rules and CSS, https://old.reddit.com/r/antivaccine/",11989
5gpt3u,2021-12-09,1639082556,recreationalvaccines,recreationalvaccines,"Terrible sub owned by nieghb0r. Here we discuss recreational use of vaccines and other stuff. From Pfizer to the flu shot, from JJ to moderna, we do it all. The highs are safe and vaccines are known to have medicinal benefits. Please do research before criticizing our habits.

No anti vax stuff",209
3z0j9y,2021-02-16,1613500489,VXRT,VXRT,"Community subreddit for Vaxart (NASDAQ:VXRT). Vaxart is working on an oral vaccine for covid-19, influenza, norovirus, HPV, and RSV. 
",3472
2w9jc,2013-02-07,1360203492,japannews,Japan News,Japanese Current Events and Politics,56864
3ga3e4,2020-11-22,1606062265,ScienceShareCenter,ScienceShareCenter,"This sub exists to serve as a center for sharing science in regards to any topic, including so-called controversial subjects, i.e. health risks associated with low-intensity rf-emfs, vaccines and GMOs, anthropocentric climate change, etc.. Original posts should include peer-reviewed literature or otherwise be cited with sources, or worthy of publication for general interest or importance. No insults, shit talking or shit posting - just science sharing without the censorship.",18
2tfcx5,2020-07-01,1593628428,VacStocksTalk,VacStocksTalk,"A community discussion of these companies contributing to the development of new vaccines to combat Covid-19.  $INO $ MRNA $NVAX conversation (mostly.)
RULES:
*Keep it current, insightful, or relevant.
*Memes welcomed as long as they are kept tasteful, helpful, and clean.
*Insulting others, and vulgarity directed at others will not be tolerated.
*Create posts on a specific topic ONLY if you don't find one on news, information, advice, or discussion.
*Be a team, OR, be constructive. 
*HAVE FUN",69
2r9l2,2009-10-12,1255373068,Spokane,r/Spokane,"Welcome to Spokane, Washington: Home of the Garbage Goat!  This is your place for news, current events, meetups, etc. The place to engage on all things in the greater Spokane area and the Inland Northwest.",65352
2gui0m,2020-03-03,1583211795,coronavirusme,Maine Coronavirus News &amp; Discussion - r/CoronavirusME,"Welcome to CoronavirusME!     
This subreddit is devoted to coronavirus/COVID-19 news, discussion, information, and personal experiences directly related to Maine.   Please find links to the official Maine CDC and government sources of information below.",16157
5g07fa,2021-12-06,1638754650,COVID_NZ,COVID_NZ,"Welcome to COVID NZ - your space for unbiased, evidence-based debate on COVID, Vaccines and Policy.

Please read the rules before commenting - particularly 1 and 3.",46
4jsz1n,2021-06-06,1622957517,GetJabbed,Get your coronavirus vaccine = ,"/r/GetJabbed is now closed. To find out about COVID vaccination in the UK, see here: https://www.nhs.uk/conditions/coronavirus-covid-19/coronavirus-vaccination/",0
36bc6,2015-02-03,1422980564,Vaccine,Promoting evidence-based vaccine science,"Vaccines save lives by preparing your immune system to fight harmful pathogens. This subreddit is dedicated to factual, science-based information and news on vaccines. We are not doctors, and nothing here should be considered medical advice. We strongly oppose all forms of science denialism, anti-vaccine ideology, and conspiracy theories. We will not host vaccine debates.",2678
71e019,2022-09-14,1663164753,Covid19VaccineALS,Covid19VaccineALS,"Research related sub for potential neurological side effects of covid-19 mRNA or adenovirus vaccines.

Users can share their stories if ALS/MND is triggered after their covid shot/s.
 
",135
2rqyx,2010-05-11,1273604597,naturopathy,Naturopathy: diet &amp; exercise are the key to health.,"This is a sub promoting healthy diet &amp; exercise.  This sub supports vaccines.    Naturopathy is the future of medicine- society is waking up to Big Pharma &amp; it's endless lab chemical ""treatments"" that do not help people recover.",2625
2s0b1,2010-08-07,1281221559,scientific_denialism,Denialism of mainstream science,,76
2fahwm,2020-02-13,1581603790,Coronavirus_COVID_19,Coronavirus_COVID_19,"A coronavirus is one of a number of viruses that cause diseases in mammals and birds. In humans, the viruses cause respiratory infections, including the common cold, which are typically mild, though rarer forms such as SARS, MERS and 2019-nCoV can be lethal. Symptoms vary in other species: in chickens, they cause an upper respiratory disease, while in cows and pigs coronaviruses cause diarrhea. There are no vaccines or antiviral drugs to prevent or treat human coronavirus infections.",60
4epylu,2021-05-13,1620918125,TakeTheJab,TAKE THE JAB!! Vaccine Side Effects,TAKE THE JAB!! Vaccine Side Effects,6968
4s9pc8,2021-07-20,1626807492,provax,provax,"We are a vaccine sub-reddit designed to discuss vaccines, we do not agree with over vaccination, vaccine fanaticism, experimental vaccine such as the ones created for Covid or a one sided narrative.",32
2zqu3,2014-01-13,1389572360,VaccineMyths,axolotl_peyotl has circumcised micropenis ,"Herd immunity is no laughing matter, but laughing at anti vaccine folks?   Hilarious!  Herd Privacy to turn Reddit dark?  Why the fuck not!",1544
2thr2,2012-02-03,1328281170,HealthConspiracy,"Alternative, non-mainstream, or 'conspiracy theory' views on health issues, causes and cures.",For the dissemination of alternative health news.,1413
3jbqnk,2020-12-09,1607539460,covaxx,covaxx,"Following the COVID-19 vaccine news and updates, and helping stop the spread of misinformation. 

All submissions making claims about the vaccines are to be posted with sources.

Please tag opinion pieces/discussions/questions using the ""Opinion"" tag.",33
2sw51,2011-09-19,1316465886,shittyaskscience,disprove that Reddit's New Look causes skin cancer,Ask shitty scienc,1204297
xbqwt,2019-02-27,1551308309,Antivaxhelp,Antivaxhelp,Thus is a subreddit for people who need assistance in getting vaccinated with unwilling parents and with a community of others who will help you. Vaccines shouldnt be the parents choice! This is a serious subreddit so no memes!,33
vaknm,2019-01-24,1548343877,MurderedByAntivaxx,Murdered By Antivaxx,"Murdered By Antivaxx is a subreddit dedicated to listing and keeping track of incidents of diseases spread as a result of people not vaccinating.  
",2771
2u5cj,2012-05-23,1337740874,rhettandlink,/r/Rhett and Link: For fans of the mythical duo!,"A subreddit for fans (""Mythical Beasts"", as they're called.) of the internet duo, Rhett and Link.",49982
34n8b,2014-11-18,1416335440,JakeBurnett,Welcome to JakeBurnett!,This subreddit is dedicated to Jake Burnett. RIP in peace for all of those who have lost their battle with the Autism Virus caused by Vaccines. this is also the place for all of those who have been diagnosed with Autism,0
5ihmd4,2021-12-18,1639846192,COVID19_Pandemic,COVID-19/SARS Pandemic,"The COVID19/SARS pandemic is ongoing. Its effects on human health are at the scale of a world war. SARS-2 causes great morbidity &amp; mortality including organ &amp; immune system damage, &amp; disability. The consequences of serial mass-infection are mounting. Vaccines alone won't end the pandemic. Viral evolution threatens to worsen it. Health systems are crumbling. Public health policy is politicsMass-infection, mass-disability &amp; mass-death are political choices. The airborne virus must be eliminated.",12076
31gqk,2014-04-22,1398208820,immunotherapy,Immunotherapy Subreddit,"Immunotherapy has long been used to protect people from infectious disease in the form of vaccines, but new breakthroughs are bringing immunotherapy to treat diseases such as cancer and autoimmunity. This subreddit is for bringing new developments in this field to light and to discuss these potential new treatments.",931
2x7tf,2013-05-11,1368259084,Crunchymom,"Natural, Peaceful Parenting","This is a place to ask questions and share discoveries about ""crunchy"" parenting. Each person defines their own degree of crunchy, and what is best for his/her own family. Topics that will likely be discussed are: 

Homeschool/Unschool
Water Birth
Freebirth
Homebirth
Cloth Diapering
Babywearing
Alternate Vaccines/Not Vaccinating
Buying Local
Natural/Organic/Non-GMO Foods
Gardening
Home Cooking 
Crafting/knitting/sewing

",4478
4x534w,2021-08-18,1629323029,covid_treatment,covid_treatment,"Discussion about treatment options for covid infections. Only vaccines are not enough to get out of the pandemic, we need solid early treatment protocols and science based public health advice. 

The current advice to do nothing when infected with covid until your lips turn blue is near criminal.",80
2tkvu,2012-02-17,1329500055,MechanicAdvice,Advice from experienced mechanics from several fields.,This is more than a car repair forum!,1406958
5qustr,2022-01-26,1643230163,LongCovidKids,LongCovidKids,"Covid doesnt even need to be hospital level acute to wreck a life. There's no bubble of safety for kids against COVID. Schools are a mess. Childcare worse.  Vaccines? PCRs? Cohorts? Rapid Tests? Isolation? Reporting? N95? Masks? Exposure notification? No, no and no.  All no. No safety spending consideration for the kids.",116
3jkl6,2017-03-17,1489774656,HumanMicrobiome,Human Microbiome,This sub is a haven from the flood of misinformation that is widespread on Reddit and over much of the internet. We have an evidence-based focus on the complex ecosystem in our guts that regulates the entire body.,37809
3jnvp5,2020-12-11,1607711655,gymsnark,gymsnark,"The laypeople's audit of the unregulated parts of the fitness community. 
Not associated formally or informally with r/blogsnark - great sub, but they aren't responsible for us.

",104597
w0xv1,2019-02-05,1549385530,fuckcervicalcancer,Cervical Cancer,<Q Having cervical cancer means always having to explain to men where the cervix is. <Q This is a place to compare notes &amp; experiences with other survivors and those undergoing treatment. <Q ,168
4st6d7,2021-07-23,1627081462,vaccinelonghauler,vaccinelonghauler,"This reddit is for people who have received one or more Covid 19 vaccines and are having long term / long haul  side effects ""from an mRNA vaccine"" that are similar to the effects of long haul Covid infection  itself.   After 2-3 months if your side effects still persist I feel it would be considered vaccine injury. 

We would like to hear from people that received Pfizer, Moderna, Astrazeneca and J&amp;J

This reddit is only for pro-vaccine comments  all antivaxx comments will be deleted",6046
nfxbu,2018-08-20,1534726937,HealthTechnology,A collection of material and opinions on anything related to using technology to improve healthcare.,"The World Health Organization defines Health Technology as the ""application of organized knowledge and skills in the form of devices, medicines, vaccines, procedures and systems developed to solve a health problem and improve quality of lives"". This sub aims to collect all such initiatives and related news and opinions. Unlike similar subs, this community aims to only post strictly relevant and rigorous content.",318
2rrbr,2010-05-14,1273873751,DebunkThis,"Debunking pseudoscience, myths, and spurious hogwash since 2010.","We are an evidence-based subreddit dedicated to taking an objective look at questionable theories, dodgy news sources, bold-faced claims, and suspicious studies.",26214
38ofod,2020-10-11,1602421586,Fakevirus,Fakevirus,"All are welcome who know the virus was faked or blown out of proportion to lead the sheep society to the NWO. No vaccines, no masks, no lockdowns, no social distancing. Rule #1: Any and all trolls are immediately reported and banned for any reason. If we can be censored for speaking the truth across social media and the earth, they will be silenced here.",83
3hqvu,2016-11-28,1480300323,hydewars,Hyde Wars: Break the Conditioning,**Everything from the mind of Sam Hyde. Become a free thinker. Sponsored by Super Hetero Vitality.,0
6yzgyq,2022-09-01,1662052323,conspiracyclassic,conspiracyclassic,"This is a conspiracy community created for classic conspiracy theories. Posts regarding UFOs, Bigfoot, Moon Landings, JFK, 9/11, MKUltra, Illuminati, Lizard People, Black Aircraft, etc., are welcome here. All posts regarding vaccines, left/right politics, racism, homophobia, transphobia, and anti-semitism will be removed and/or banned. This should be a fun, engaging, and lively community. If you want to discuss left/right politics I would invite you to visit r/conspiracy or r/politics. Be cool.",1655
3eu9a9,2020-11-14,1605378535,LockdownHypocrites,LockdownHypocrites,A subreddit dedicated to cataloging incidents where pro-lockdown politicians &amp; public figures have been caught breaking lockdowns.,552
32ae1,2014-06-23,1403497995,ChristianAwake2NWO,Christian Awake 2 the NWO,"News, NWO, Illuminati, Health, Prepping, Bible Prophecy, Roman Catholicism Exposed, Emergent Church Exposed, Liberalism Exposed, Common Core Exposed, One World Religion Exposed, Islam Exposed, from a Christian point of view. ",0
3g7ta,2016-09-09,1473402275,BoneAppleTea,"Like when the food hella good, you say bone apple tea, it's like french or some shit.","*Like when the food hella good, you say bone apple tea, it's like french or some shit.*

A Bone Apple Tea is the mistaken use of a **real, dictionary-defined word or phrase** in place of another **real, dictionary-defined word or phrase** that sounds similar, resulting in a nonsensical, sometimes humorous utterance.",1255543
4suzln,2021-07-24,1627108598,covidvaccineinjury2,covidvaccineinjury2,"This reddit is for people who have received one or more Covid 19 vaccines and are having long term / long haul  side effects ""from the vaccine"" that are similar to the effects of long haul Covid infection  itself.   After 2-3 months if your side effects still persist I feel it would be considered vaccine injury. 

We would like to hear from people that received Pfizer, Moderna, Astrazeneca and J&amp;J

This reddit is only for pro-vaccine comments  all antivaxx comments will be deleted",2366
8uwo75,2023-07-17,1689597721,LordBryanKohberger,Lord Bryan Christopher Kohberger,"Vaccines play a crucial role in public health by preventing the spread of infectious diseases and reducing their severity. They work by stimulating the immune system to produce an immune response against specific pathogens, such as bacteria or viruses. This helps the body recognize and fight off these pathogens more effectively in the future. Getting a COVID-19 vaccine after you recover from COVID-19 infection provides added protection against COVID-19. FREE KAREN READ",18
2qhsu,2008-04-13,1208092249,newjersey,New Jersey,"News, discussion, and current events for the state of New Jersey",456541
3mlgqp,2020-12-27,1609082352,MedikaLife,MedikaLife,"Make informed choices about your health. The latest trends and medical articles on a broad range of topics written by medical professionals. Medika is actively engaged in various projects to promote equitable access to healthcare for all communities. 

We highlight medical and health frauds as part of our patient awareness and safety campaign and seek to actively restore faith in vaccines and the voice of the scientific community by rooting out fraudulent players through MOBILIZE"" HEALTH",23
s59xm,2018-12-01,1543703699,EnoughWumaoSpam,Enough Wumao Spam,Welcome back!,366
jy2py,2018-06-02,1527970567,wholesomeRhettandLink,wholesomeRhettandLink,"Temporarily Private, please check back later.

For Wholesome Clips and Pics of Internetainers Rhett &amp; Link!",194
7ccfkl,2022-11-08,1667887941,vaccineinjurysupport,vaccineinjurysupport,"This reddit is not anti-vaccine. It is pro-choice(vaccine)and we support bodily-autonomy rights. It is a place to discuss vaccine injury stories, treatments and  scientific research relevant to vaccine injuries.   Please feel free to discuss injuries from ""any type of vaccines"" you or your children have had throughout your life.   Keep it real. Keep it scientific.  We would love to hear your stories...and what may have worked for you regarding treatment...perhaps your stories will help others.",32
2sccy,2011-02-24,1298557650,tylertx,"Tyler, TX","The subreddit for Tyler, Texas and the surrounding area.",17503
2rylq,2010-07-24,1279935984,altmed,"Altmed, where alternative medicine meets science",,1394
49o64q,2021-04-17,1618622004,FLCCC,FLCCC,"This is a subreddit for discussing the Front Line C0V1D-19 Critical Care Alliance website and related content. Their website can be found here:

https://covid19criticalcare.com/
https://ivmmeta.com/
https://c19ivermectin.com/

The major rule of this Subreddit is to ALWAYS write c0vid with a 0, NOT an o.

Outright anti-vaccine posts will be removed. Coherent, constructive, good faith dialogue re: c0vid vaccines is allowed.

When viable, I'll remove poor posts instead of silencing posters.",132
2t47s,2011-11-18,1321643968,TexasPolitics,News and Discussion about Politics in the Lone Star State,"A place for news and discussion about politics in the Lone Star State, with more politics than /r/Texas and more Texas than /r/politics. ",49881
31axu,2014-04-10,1397169056,badmedicine,BadMedicine,"This is a subreddit to post and discuss examples of outrageous misinformation and misconceptions about medicine, on Reddit and in the media. ",544
2qhzx,2008-05-18,1211084378,Freethought,Freethought: Scientific pursuit of the truth.,"[Freethought](http://freethoughtpedia.com/wiki/Freethought) is an open forum dedicated to rational, logical and scientific examination of culture, politics, religion, science, business and more!  

We are now private in protest of Reddit's unfair exploitation of the community that made it what it is today.  Here's our Discord: https://discord.gg/25puhg6d",51061
33dwq,2014-09-04,1409808617,HealthySkepticism,Healthy Skepticism: Keeping the Science in Medicine,"Healthy Skepticism is a subreddit discussing topics such as the vaccine denialist movement, alternative medicine, homebirth and evidence-based medicine.",483
39usd,2015-09-07,1441648312,EnoughTrumpSpam,Enough Trump Spam,"Because the amount of Trump spam is *too damn high!* Enough ""@0<? Spam",98728
38kac,2015-06-09,1433874961,badneuroscience,For posts written using 10% of the brain,The repository for all the worst neuroscience-related content of Reddit and the Internet.,501
68tdc8,2022-04-19,1650395496,CarFreeCincy,/r/CarFreeCincy,"Let's talk about car-free infrastructure, public transportation, and ways to improve human life via city design in the Greater Cincinnati and Northern Kentucky region.",658
2u9hs,2012-06-10,1339300734,radicalmentalhealth,"Most suffering is abuse/inequality. Let's end the violence, harmful labels, &amp; hardcore drug-pushing.","The MH industry fails to recognize abuse &amp; inequality as the primary causes of suffering. They label, disbelieve, and blame survivors on a mass scale.  They act like drugs are the only option.  Some people claim to feel better by taking mind-affecting drugs but drugs arent the only option.",21694
3vpfzk,2021-02-01,1612220776,gme_meltdown,gme_meltdown,"A place to share $GME and other meme stock insanity. Poke fun at the flat-earthers and sov-cits of investing for believing in fairly tales and conspiracies rather than learning how the stock market actually works.

Disagree ? Mods are now taking bets.

Please read the sub rules. This sub is not for financial discussion. It is for memes and casual discussion of GameStop (GME), Bed Bath and Beyond (BBBY), AMC and other meme stocks, and their associated cult(ure)s.

Sister subs:
/r/GME_Meltdown_DD",33398
8cvxbo,2023-05-06,1683394293,RFK_Jr_is_a_Stooge,RFK Jr is a Stooge and Spoiler Candidate,"Info on Stooge Spoiler Presidential Candidate RFK Jr.

Stooge: One who serves merely to support or assist others, particularly in doing unpleasant work. Spoiler candidate: Draws votes from one of the major parties, tipping the balance in favor of the other.",2567
2yhcz,2013-09-12,1378960566,theculling,The Culling - The 1%'s plan to end the rest of us,"A Sub-Reddit to expose the 1%'s plan to depopulate the human race.  Food, water, pesticides, pollution, radiation and other toxins are being used to drastically decrease the lifespan of humans.",629
4pfh8k,2021-07-03,1625351314,Powerology,For discussing the important things,"This is a place that attempts to achieve objective, intellectual discussion of culture and politics, especially for those who seek a complete theory of power. No view is censored, only fallacious rhetoric. Ideally we will expand the Consensus Theses section until a complete theory is reached.",133
341ir,2014-10-15,1413387643,EbolaHoax,"The new ""terrorist"". Be afraid, citizen. I SAID BE AFRAID!",,165
2r9k3,2009-10-12,1255351208,VACCINES,Discussion of Vaccines,"This subreddit is committed to answering questions about vaccines, as well as sharing news, scientific literature, and breakthroughs in vaccines.",7596
3jwf7,2017-04-06,1491491025,DebateVaccines,Debate Vaccines,Debate and discuss issues surrounding vaccinations.,22642
2uxz2,2012-09-03,1346686526,TheVaccines,What Did You Expect From /r/TheVaccines? ,What Did You Expect From /r/TheVaccines? ,1288
2qh4r,2008-01-25,1201245150,conspiracy,conspiracy,"This is a forum for free thinking and for discussing issues which have captured your imagination. Please respect other views and opinions, and keep an open mind. Our goal is to create a fairer and more transparent world for a better future.",2153902
2x4yx,2013-05-03,1367601313,Coronavirus,Novel Coronavirus (COVID-19),"In December 2019, a novel coronavirus strain (SARS-CoV-2) emerged in the city of Wuhan, China. This subreddit seeks to monitor the spread of the disease COVID-19, declared a pandemic by the WHO. This subreddit is for high-quality posts and discussion. Please be civil and empathetic.",2630546
3jft3z,2020-12-10,1607592431,CoronaVaccines,Coronavirus Vaccines,News and memes about Coronavirus vaccines against Covid-19.,727
3p3pv,2017-10-11,1507682694,vaxxhappened,Robert F KennedyJr is just another liar,"Pro vaccine subreddit shining a light on dimwitted Anti-Vaxxers on all forms of media. Post screenshots, articles and anecdotes.

Anti-Vaxxers: Check out Rule Two",351668
2v1at7,2020-07-13,1594667622,ForkedVaccines,ForkedVaccines,"Welcome to r/ForkedVaccines. Its like r/ForcedVaccines, but actually satire. We believe that vaccines DO work and that r/ForcedVaccines is....... severely misguided.",18
2qh13,2008-01-25,1201231119,worldnews,World News,"A place for major news from around the world, excluding US-internal news.",42612827
2cneq,2007-08-06,1186377399,politics,Politics,/r/Politics is for news and discussion about U.S. politics.,8679690
3esbra,2020-11-14,1605354860,COVID19_vaccines,Discussion about COVID19 vaccines,Discussion about COVID19 vaccines,40
4bq289,2021-04-28,1619632115,ModernaVaccines,Moderna Vaccines,,12
2qh6p,2008-01-25,1201279369,Conservative,Conservative,"The largest conservative subreddit.
https://discord.gg/conservative",1148792
2g725n,2020-02-24,1582524877,CoronavirusCirclejerk,We are all going to die.,"Sub for coronavirus circlejerking, memes, humor, and sharing, discussing and laughing at stupid, ridiculous, and amusing posts and discussion from panic-filled and alarmists across the internet. We're here for the LOLs.",54644
6qfbmt,2022-07-20,1658287716,DebaseVaccines,An Anti-Anti-Anti-Vax sub,For making sport of a therapeutic injection that is less therapeutic than advertised.,32
2iokxd,2020-03-25,1585153188,LockdownSkepticism,LockdownSkepticism,"Interdisciplinary examination of lockdowns &amp; other pandemic policies. We acknowledge the threat of COVID-19. We are also concerned about the policies' impact on our physical &amp; mental health, human rights, and economy. 

This is a non-partisan, inclusive, global sub. We are empirically minded and do not tolerate unsupported claims or conspiracy theories. **Warning: users may be auto-banned from other subs for posting here.**",53894
3acf2,2015-10-15,1444913110,insanepeoplefacebook,Insane People on Social Media,Insane people on social media. Post it here.,2065278
48fnuq,2021-04-10,1618031188,VaccinesMeds,VaccinesMeds,"This subreddit is committed to answering questions about vaccines, supporting doctors with practical, hands on experience, as well as sharing news, scientific literature, and breakthroughs in vaccines.",30
3ff8l,2016-07-12,1468333442,WayOfTheBern,Feel The Bern,"We don't see politics along a left/right divide, we see politics along a top/bottom divide.",88423
2g3blu,2020-02-23,1582418580,CoronavirusDownunder,CoronavirusDownunder,"This subreddit is a place to share news, information, resources, and support that relate to the novel coronavirus SARS-CoV-2 and the disease it causes called COVID-19. The primary focus of this sub is to actively monitor the situation in Australia and New Zealand, but all posts on international news and other virus-related topics are welcome, to the extent they are beneficial in keeping those down under informed.",199745
wuqps,2019-02-19,1550593554,MomsAgainstVaccines,Anti-vax,This is for memes about anti-vaxxers and how they are endangering their children ,31
2f4l19,2020-02-11,1581434181,COVID19,COVID-19,"In December 2019, SARS-CoV-2 emerged in the city of Wuhan, China. This subreddit seeks to facilitate scientific discussion of this potential global public health threat. We have very strict rules. Please make sure to read them before posting or commenting. Moderators may lock or remove comments or posts at their discretion.",573000
2gpd6g,2020-03-01,1583069720,CanadaCoronavirus,Discussions related to the spread of Coronavirus in Canada,Information and discussion related to the spread and impact of Coronavirus in Canada.,164708
2qh68,2008-01-25,1201272938,canada,Canada,"Welcome to Canadas official subreddit! This is the place to engage on all things Canada. Nous parlons en anglais et en français. Please be respectful of each other when posting, and note that users new to the subreddit might experience posting limitations until they become more active and longer members of the community. Do not hesitate to message the mods if you experience any issues!",3076864
2qj8f,2008-06-23,1214230176,skeptic,skeptic,"A sub for ""scientific skepticism.""  Scientific Skepticism is about combining knowledge of science, philosophy, and critical thinking with careful analysis to help identify flawed reasoning and deception. ",218171
115unj,2019-05-10,1557452819,StopMandatoryVaccines,StopMandatoryVaccines,This is here so anti-vaxxers cant use it. Post whatever provax memes you want to,306
3gppqs,2020-11-24,1606262347,CovidVaccinated,CovidVaccinated,A place to discuss any and all information surrounding the COVID-19 vaccines.,42305
2qsf3,2009-02-01,1233512408,ontario,/r/Ontario,"Welcome to r/Ontario, the largest and oldest online community dedicated to the lovely people of Ontario, Canada! We strive to be the best place to talk and discuss all things Ontario. Have a question you want to ask about Ontario? Need opinions about employment? Have an issue with your landlord/tenant? Ask your question here!",912672
5cl01m,2021-11-17,1637124772,DebateCovidVaccines,This is a place to debate the problems with Covid vaccines.,"A safe place to discuss your concerns with covid vaccines.

Promote covid vaccines elsewhere.  This is a place to question them.",41
2f3oes,2020-02-11,1581401807,CoronavirusUK,CoronavirusUK,"Spreading news, advice, and media following the UK's spread of the virus. Please note, this sub is a disinformation-free zone and we do not tolerate conspiracy theories, fear-mongering, ""alternative facts"", or encouraging people to ignore public health advice.",85442
2qh3l,2008-01-25,1201243765,news,News,The place for news articles about current events in the United States and the rest of the world. Discuss it all here.,28952854
bl9772,2024-05-24,1716541546,DebateBirdFluVaccines,Debate Bird Flu Vaccines,#AvianFlu #AvianInfluenza #BirdFlu #BirdFluVaccine #Debate #H5N1 #Vaccine #Virus,18
hvnq8,2018-04-10,1523323167,dovaccinescauseautism,Do Vaccines Cause Autism?,Comprehensive discussion on whether vaccines cause autism,1494
2qh4j,2008-01-25,1201244870,europe,Europe,"Europe: 50 (+6) countries, 230 languages, 746M people& 1 subreddit.",7840202
mouw,2006-10-18,1161179666,science,Reddit Science,"This community is a place to share and discuss new scientific research. Read about the latest advances in astronomy, biology, medicine, physics, social science, and more. Find and submit new publications and popular science coverage of current research.",33133791
2uz12,2012-09-06,1346911581,antivax,Information about vaccine safety and combating anti-science rhetoric.,Vaccines save lives,29994
36vxjo,2020-09-30,1601499878,ChurchOfCOVID,ChurchOfCOVID,"This community is a safe space for everyone who religiously adheres to the tenets of the Church of COVID"".  Members must follow all revelations and dictates from our prophet The Holy Dr. Anthony Fauci (739 Masks be upon him).  We accept people of all sexual orientations so long as they only copulate through the COVID repelling cleanliness of a glory hole.",47696
fc76s,2018-02-02,1517600563,conspiracy_commons,Alternative Conspiracy Sub,"This subreddit is intended for reddit users with accounts that are less than four months old and who want to participate on /r/conspiracy.

Users that conduct themselves in good faith on this sub may appeal to the mods to have their two-month limit waived.",197678
3xxs08,2021-02-11,1613034978,VBIV,VBI Vaccines ,"VBI Vaccines: An example of why you can never trust Jeff Baxter a CEO whose mission was to milk shareholders. 

RIP.


",822
35e6ns,2020-09-21,1600647842,HermanCainAward,Awarded& posthumously.,"Nominees have made public declaration of their anti-mask, anti-vax, or Covid-hoax views, followed by admission to hospital for Covid. The Award is granted upon the nominee's release from their Earthly shackles",485253
2qh1q,2008-01-25,1201234826,india,India: United We Stand,The Official Subreddit for India,2450993
56ddlo,2021-10-14,1634180487,vaccineskeptics,vaccineskeptics,This is a place to discuss pills creams ointments and perhaps even alchemical remedies,328
2f86o2,2020-02-12,1581534733,CoronavirusUS,CoronavirusUS,USA/Canada specific information on the coronavirus (SARS-CoV-2) that causes coronavirus disease 2019 (COVID-19),134005
2qhcv,2008-03-08,1204985717,ukpolitics,UK Politics,"Political news and debate concerning the United Kingdom.

Rules detailed here: https://www.reddit.com/r/ukpolitics/wiki/rules",505235
4c46db,2021-05-01,1619830002,unvaccinated,unvaccinated,Safe community for unvaccinated redditors that refuse or are hesitant to take the new experimental covid vaccine. ,20123
2qh9z,2008-02-27,1204146177,Health,Health,"Health, a science-based community to discuss health news and the coronavirus (COVID-19) pandemic",3242765
35g9w,2014-12-17,1418838394,TopMindsOfReddit,Top. Minds.,"""I think the problem Digg had is that it was a company that was built to be a company, and you could feel it in the product. The way you could criticize Reddit is that we weren't a company  we were all heart and no head for a long time. So I think it'd be really hard for me and for the team to kill Reddit in that way.""

--Steve Huffman, CEO of Reddit, April 2023",323819
2i65pf,2020-03-20,1584673556,Vaccineskillchildern,Vaccineskillchildern,This is a subreddit where we can discuss about how vaccines can cause devastating effects on children. (bait),12
4tu29a,2021-07-30,1627608111,VaccineStrike,Vaccine Strike,,78
2y5ak,2013-08-09,1376018571,Inovio,Because The World Can't Wait,"A community dedicated to Inovio Pharmaceuticals, the pioneers of DNA medicine. We welcome all who are seeking information and quality discussion regarding this incredible company.",7739
2qjpg,2008-07-05,1215246073,memes,/r/Memes the original since 2008,"Memes!

A way of describing cultural information being shared.
An element of a culture or system of behavior that may be considered to be passed from one individual to another by nongenetic means, especially imitation.",34893147
4hyl27,2021-05-28,1622224850,VaccineSyndrome,Vaccine Syndrome,"Vaccine Syndrome - A ""syndrome"" is a group, cluster, or constellation of symptoms.",12
3p6w3,2017-10-14,1508022982,Vaccinesarebad,Vaccines: good shit fam,"Well there are retards who think Vaccines are bad, were here to make fun of those shit baskets",212
2r5rp,2009-08-28,1251449390,facepalm,now double verified,/r/facepalm - please sir can I have some more?,8225063
2s4gt,2010-09-25,1285439883,CanadaPolitics,Canada Politics,Polite discussions about Canadian politics.,230590
3ervs,2016-05-26,1464244248,VaccineSkeptic,Does the MMR vaccine cause autism?,,73
4jftcy,2021-06-04,1622819262,VaccineSegregation,VaccineSegregation,"Post examples of COVID-19 vaccine segregation such as, ""Vaccinated seating only"" or ""Unvaccinated not allowed to attend"". (Pictures, articles, stories...)",136
2qhov,2008-03-28,1206732366,vancouver,"Vancouver, British Columbia, Canada, Earth","Your go-to for everything happening in Metro Vancouver: news, people, places, events, articles, and discussions. Where the ocean meets the mountains, from the sea to sky.",548232
2rjli,2010-02-27,1267244591,teenagers,r/teenagers,"r/teenagers is the biggest community forum run by teenagers for teenagers. Our subreddit is primarily for discussions and memes that an average teenager would enjoy to discuss about. We do not have any age-restriction in place but do keep in mind this is targeted for users between the ages of 13 to 19. 

Parents, teachers, and the like are welcomed to participate and ask any questions!",3079328
2qm4e,2008-09-05,1220599964,askscience,AskScience: Got Questions? Get Answers.,"Ask a science question, get a science answer.",25861838
2qj2e,2008-06-19,1213878156,conservatives,conservatives,"Conservatism (from conservare, ""to preserve"") is a political and social philosophy that promotes the maintenance of traditional institutions and supports minimal and gradual change in society.",108286
adv33u,2023-12-19,1702997881,historyofvaccines,History of Vaccines,A subreddit to share and discuss the science and history of vaccination.,160
2kdrok,2020-04-10,1586560425,HerpesCureResearch,Herpes Cure Research,"This is a space for promoting cure and vaccine research for herpes simplex virus (HSV 1&amp;2). This group focuses on fundraising and activism to promote better treatments, vaccines and a cure for HSV. We are making researchers, investors and health authorities know the urgent need for better solutions for HSV.",26151
2qhb9,2008-03-03,1204540288,ireland,Ireland/Éire,"Céad míle fáilte! An all-island subreddit for discussion of Irish news, politics, culture, history and society.",1032942
2hzjsw,2020-03-18,1584493833,CovIdiots,CovIdiots: exposing anti-vaxxers and antimaskers alike!,r/Save3rdPartyApps ,125241
2id00t,2020-03-22,1584863828,SriLankaCOVID19,SriLankaCOVID19,Subreddit for COVID19-related news in Sri Lanka. (Vaccines can be taken via your local MOH),18343
2qh1i,2008-01-25,1201233135,AskReddit,Ask Reddit...,r/AskReddit is the place to ask and answer thought-provoking questions.,49182304
2qtno,2009-02-22,1235343956,Winnipeg,/r/winnipeg,Honey Dill for the Soul,125012
3ajvx,2015-10-29,1446107313,vaccineautismevidence,All of the evidence for vaccines causing autism.,This subreddit is dedicated to archiving all of the evidence for vaccines causing autism. SATIRE!!! (ran by autistic people),8592
2qjov,2008-07-04,1215174247,Philippines,Philippines - all about the Philippines,A subreddit for the Philippines and all things Filipino!,2338622
3d4x4,2016-03-13,1457874167,IndiaSpeaks,Reddit India Speaks : Bharatam Vadati,"Namaskaram,

We are a friendly and user-focused community for Redditors from India. It is a one stop destination to discuss all the news, entertainment, science &amp; technology, sports, history &amp; culture, economy and geopolitics related to India. Following the millennia old tradition of India, this forum promotes freedom of speech, plurality and open dialogue. Enjoy, collaborate and discuss. Let the churning of the great ocean begin.",927177
3icow,2017-01-07,1483749070,onguardforthee,On Guard For Thee,"A Canada-specific subreddit that allows all types of Canadian content.

The only general Canadian subreddit that doesn't allow bigotry or hate.",287552
3kvw78,2020-12-18,1608260263,vaccinepics,vaccinepics,"Pictures of vaccines, people getting vaccines, and vaccine related photographic content.",30
2qhqb,2008-04-02,1207158389,unitedkingdom,United Kingdom,"For the United Kingdom of Great Britain (England, Scotland, Wales) and Northern Ireland; News, Politics, Economics, Society, Business, Culture, discussion and anything else UK related.",4260341
2rhel,2010-02-04,1265259119,Mindfulness,Mindfulness,Mindfulness is awareness of one's internal states and surroundings.,1428588
y7lbd,2019-03-15,1552689634,ThingsProVaxxersSay,Things Pro Vaxxers Say,,368
2qpoo,2008-12-10,1228879710,ottawa,Ottawa: Local news and discussions / Nouvelles locales et discussions.,"News, events, discussions, and what not from Ottawa, Ontario. / Nouvelles, événements, discussions et varia concernant la ville d'Ottawa, Ontario.",320547
2ugkz,2012-07-08,1341713039,ScienceUncensored,Science: Uncensored. Science with no political censorship by Mods,"ScienceUncensored is a place for anyone to post any interesting science or technology related news, data, articles, pictures, musings etc. This reddit is about uncensored science - not about those who want to censor science. Unlike the ""Science"" subreddit, ScienceUncensored does not use Mods to censor posts based on political ideology, religion, or disagreement with posted content. All are welcome!",112689
11zwbe,2019-05-25,1558821463,VaccineDiscussion,VaccineDiscussion,"Top mod here, reddit as a whole has a weird defeatist view of everything (relationships,religion,economics and more) that is bad for mental health, so I am deleting my account to reduce my total exposure to reddit. I have not found a suitable replacement, so I am shutting down the sub to stop it filling with division and lies. COVID has also changed the vax issue so that a mix of IRL activism and high level stats, not online discussion, is now the solution to the misinfo and division over this.",0
2eop3u,2020-02-06,1580948731,CoronaVirus_2019_nCoV,Coronavirus Variants and Covid-19 Vaccine Info,"News about Omicron BQ.1, BQ.1.1, XBB, and other coronavirus variants, and the latest information about bivalent Covid vaccines.",11705
41v44x,2021-03-03,1614782410,VaccinateMA,VaccinateMA,Massachusetts COVID-19 vaccine information and resources.,253
36d6w,2015-02-05,1423142715,vaccinenews,All news about vaccines and vaccinations,,88
44mfso,2021-03-19,1616158413,VaxxCauseAutism,VaxxCauseAutism,All research about how vaccines can cause autism,18
3si672,2021-01-26,1611704934,CoVaxSkeptical,Skeptical about the Covid Vaccines? Us too!,It's not all sunshine and roses in that vial! Here we catalogue the reasons for being skeptical about the hurried response to the covid situation.,342
2s23e,2010-08-22,1282518622,MultipleSclerosis,Calling those with Multiple Sclerosis!,"Focusing on issues facing people with MS and their family and friends. Conversations about support, research, drug therapies, nutrition, exercise, and more.",56098
3pi4b,2017-10-27,1509118189,flushot,Flu Shot,Everything about the flu shot vaccines.,19
446lpu,2021-03-17,1615939778,VaccineHuntersWA,VaccineHuntersWA,This is a place to share information about where to find extra covid-19 vaccines in Washington state to prevent the vaccines from going to waste.,423
124zlo,2019-05-28,1559048233,VaccineDebates,VaccineDebates,"This is a forum to discuss vaccines, pro or con.",82
50pq8h,2021-09-09,1631208640,covidbooster,Covid Vaccine Booster Shots Discussion,Discussion regarding the booster shots for Covid vaccines,39
11b41s,2019-05-12,1557694576,VaccineInjured,VaccineInjured,"Vaccines are bad, mmkay? /s

No, for real. Vaccines are safe and effective, and are a vital tool in today's society to prevent the spread of easily preventable diseases.",90
4g0klv,2021-05-19,1621399045,vaccinemagnet,vaccinemagnet,"Videos and discussion concerning the magnetization of vaccines and possible scientific explanations.

To ensure quality only moderators can post. If you want to share something pass it via modmail.",84
36bdw,2015-02-03,1422982720,AntiVaccination,AntiVaccination,,206
12b7nk,2019-05-31,1559309590,VaccineResearch,VaccineResearch,This is a place to post peer reviewed published research on vaccines,81
5rsyln,2022-01-31,1643603061,AdverseReactionReport,Together In Truth,"The latest top stories on the COVID vaccines, health, and autonomy.",754
ukct8,2019-01-12,1547332536,foundtheantivaxxer,foundtheantivaxxer,"For times you find the anti-vaxxer, or person who is against vaccines.",504
4ch6ty,2021-05-03,1620008274,CovidVaccineDeaths,CovidVaccineDeaths,A place to document all deaths and or injuries caused by said covid 19 vaccines both mutagenic biotech vax and other vax,347
